Designator,Val,Package,Mid X,Mid Y,Rotation,Layer
C1,22pF,C_0603_1608Metric_Pad1.08x0.95mm_HandSolder,102.5,-115.5,0.0,bottom
C10,10uF,C_0603_1608Metric_Pad1.08x0.95mm_HandSolder,98.0,-99.5,0.0,bottom
C11,22uF,C_0603_1608Metric_Pad1.08x0.95mm_HandSolder,98.0,-97.5,0.0,bottom
C2,22pF,C_0603_1608Metric_Pad1.08x0.95mm_HandSolder,102.5,-113.5,0.0,bottom
C3,1uF,C_0603_1608Metric_Pad1.08x0.95mm_HandSolder,88.9,-104.378125,0.0,bottom
C4,0.1uF,C_0603_1608Metric_Pad1.08x0.95mm_HandSolder,93.0,-112.5,180.0,bottom
C5,0.1uF,C_0603_1608Metric_Pad1.08x0.95mm_HandSolder,89.0,-121.0,270.0,bottom
C6,0.1uF,C_0603_1608Metric_Pad1.08x0.95mm_HandSolder,80.16875,-117.078125,0.0,bottom
C7,0.1uF,C_0603_1608Metric_Pad1.08x0.95mm_HandSolder,80.16875,-111.125,0.0,bottom
C8,4.7uF,C_0603_1608Metric_Pad1.08x0.95mm_HandSolder,91.67235,-105.95895,90.0,bottom
C9,2.2uF,C_0603_1608Metric_Pad1.08x0.95mm_HandSolder,192.484375,-94.45625,270.0,bottom
D1,D_Small,D_SOD-123,95.25,-84.1375,90.0,bottom
D10,D_Small,D_SOD-123,252.4125,-91.2755,90.0,bottom
D11,D_Small,D_SOD-123,271.4454,-91.2755,90.0,bottom
D12,D_Small,D_SOD-123,290.4942,-91.2755,90.0,bottom
D13,D_Small,D_SOD-123,309.5625,-91.2755,90.0,bottom
D14,D_Small,D_SOD-123,328.6125,-91.28125,90.0,bottom
D15,D_Small,D_SOD-123,331.7875,-91.28125,90.0,bottom
D16,D_Small,D_SOD-123,69.8456,-110.3243,90.0,bottom
D17,D_Small,D_SOD-123,109.5306,-110.3243,90.0,bottom
D18,D_Small,D_SOD-123,128.5875,-110.3243,90.0,bottom
D19,D_Small,D_SOD-123,147.6375,-110.3243,90.0,bottom
D2,D_Small,D_SOD-123,98.425,-84.1375,90.0,bottom
D20,D_Small,D_SOD-123,150.803,-110.3243,90.0,bottom
D21,D_Small,D_SOD-123,166.677,-110.3243,90.0,bottom
D24,D_Small,D_SOD-123,217.4875,-110.33125,90.0,bottom
D25,D_Small,D_SOD-123,242.8875,-110.33125,90.0,bottom
D26,D_Small,D_SOD-123,261.921,-110.3243,90.0,bottom
D27,D_Small,D_SOD-123,280.9875,-110.3243,90.0,bottom
D28,D_Small,D_SOD-123,300.0186,-110.3243,90.0,bottom
D29,D_Small,D_SOD-123,319.0875,-110.3243,90.0,bottom
D3,D_Small,D_SOD-123,119.055,-91.2755,90.0,bottom
D30,D_Small,D_SOD-123,342.9,-110.3243,90.0,bottom
D31,D_Small,D_SOD-123,104.775,-129.3731,90.0,bottom
D32,D_Small,D_SOD-123,107.95,-129.3731,90.0,bottom
D33,D_Small,D_SOD-123,123.825,-129.3731,90.0,bottom
D34,D_Small,D_SOD-123,142.875,-129.3731,90.0,bottom
D35,D_Small,D_SOD-123,161.925,-129.3731,90.0,bottom
D36,D_Small,D_SOD-123,165.0896,-129.3731,90.0,bottom
D37,D_Small,D_SOD-123,180.9636,-129.3731,90.0,bottom
D39,D_Small,D_SOD-123,230.1875,-129.38125,90.0,bottom
D4,D_Small,D_SOD-123,138.1038,-91.2755,90.0,bottom
D40,D_Small,D_SOD-123,247.65,-129.3731,90.0,bottom
D41,D_Small,D_SOD-123,266.6832,-129.3731,90.0,bottom
D42,D_Small,D_SOD-123,285.75,-129.3731,90.0,bottom
D43,D_Small,D_SOD-123,304.8,-129.3731,90.0,bottom
D44,D_Small,D_SOD-123,323.8296,-129.3731,90.0,bottom
D45,D_Small,D_SOD-123,327.0044,-129.3731,90.0,bottom
D46,D_Small,D_SOD-123,80.9574,-148.4219,90.0,bottom
D47,D_Small,D_SOD-123,100.0062,-148.4219,90.0,bottom
D48,D_Small,D_SOD-123,119.0625,-148.4219,90.0,bottom
D49,D_Small,D_SOD-123,138.1038,-148.4219,90.0,bottom
D5,D_Small,D_SOD-123,157.1526,-91.2755,90.0,bottom
D50,D_Small,D_SOD-123,157.1526,-148.4219,90.0,bottom
D51,D_Small,D_SOD-123,176.2125,-148.43125,90.0,bottom
D52,D_Small,D_SOD-123,195.2625,-148.43125,90.0,bottom
D53,D_Small,D_SOD-123,214.3125,-148.4219,90.0,bottom
D54,D_Small,D_SOD-123,217.4875,-148.4219,90.0,bottom
D55,D_Small,D_SOD-123,252.3966,-148.4219,90.0,bottom
D56,D_Small,D_SOD-123,271.4625,-148.4219,90.0,bottom
D57,D_Small,D_SOD-123,290.4942,-148.4219,90.0,bottom
D58,D_Small,D_SOD-123,309.5625,-148.4219,90.0,bottom
D59,D_Small,D_SOD-123,328.6125,-148.43125,90.0,bottom
D6,D_Small,D_SOD-123,176.2014,-91.2755,90.0,bottom
D60,D_Small,D_SOD-123,331.7875,-148.43125,90.0,bottom
D61,D_Small,D_SOD-123,80.9574,-167.4707,90.0,bottom
D62,D_Small,D_SOD-123,100.0125,-167.4707,90.0,bottom
D63,D_Small,D_SOD-123,119.055,-167.4707,90.0,bottom
D64,D_Small,D_SOD-123,138.1125,-167.4707,90.0,bottom
D65,D_Small,D_SOD-123,157.1625,-167.4707,90.0,bottom
D67,D_Small,D_SOD-123,198.4375,-167.48125,90.0,bottom
D68,D_Small,D_SOD-123,214.3125,-167.48125,90.0,bottom
D69,D_Small,D_SOD-123,242.8722,-167.4707,90.0,bottom
D7,D_Small,D_SOD-123,195.2625,-91.2755,90.0,bottom
D71,D_Small,D_SOD-123,271.4625,-167.4707,90.0,bottom
D72,D_Small,D_SOD-123,290.4942,-167.48125,90.0,bottom
D73,D_Small,D_SOD-123,309.959375,-167.48125,90.0,bottom
D74,D_Small,D_SOD-123,328.6125,-167.48125,90.0,bottom
D75,D_Small,D_SOD-123,331.7875,-167.48125,90.0,bottom
D8,D_Small,D_SOD-123,198.425,-91.2755,90.0,bottom
D9,D_Small,D_SOD-123,233.3478,-91.2755,90.0,bottom
F1,500mA,Fuse_1206_3216Metric_Pad1.42x1.75mm_HandSolder,102.5,-98.5,0.0,bottom
J1,USB_C_Receptacle_USB2.0,USB_C_Receptacle_HRO_TYPE-C-31-M-12,82.0,-83.66,180.0,bottom
J2,Conn_01x04_MountingPin,JST_ACH_BM04B-ACHSS-A-GAN-ETF_1x04-1MP_P1.20mm_Vertical,110.9625,-97.0375,270.0,bottom
J4,Conn_01x08_Pin,JUSHUO_AFA07-S08FCA-00_1x8-1MP_P1.0mm_Horizontal,234.8625,-155.380625,180.0,bottom
MX1,MX-NoLED,SW_MX_HS_CPG151101S11_1u,73.66,-91.26805,180.0,bottom
MX10,MX-NoLED,SW_MX_HS_CPG151101S11_1u,243.84,-86.53195,0.0,bottom
MX11,MX-NoLED,SW_MX_HS_CPG151101S11_1u,262.89,-86.53195,0.0,bottom
MX12,MX-NoLED,SW_MX_HS_CPG151101S11_1u,281.94,-86.53195,0.0,bottom
MX13,MX-NoLED,SW_MX_HS_CPG151101S11_1u,300.99,-86.53195,0.0,bottom
MX14,MX-NoLED,SW_MX_HS_CPG151101S11_1u,320.04,-86.53195,0.0,bottom
MX15,MX-NoLED,SW_MX_HS_CPG151101S11_1u,339.09,-86.53195,0.0,bottom
MX16,MX-NoLED,SW_MX_HS_CPG151101S11_1u,77.1525,-105.58195,0.0,bottom
MX17,MX-NoLED,SW_MX_HS_CPG151101S11_1u,100.965,-105.58195,0.0,bottom
MX18,MX-NoLED,SW_MX_HS_CPG151101S11_1u,120.015,-105.58195,0.0,bottom
MX19,MX-NoLED,SW_MX_HS_CPG151101S11_1u,139.065,-105.58195,0.0,bottom
MX2,MX-NoLED,SW_MX_HS_CPG151101S11_1u,92.71,-91.26805,180.0,bottom
MX20,MX-NoLED,SW_MX_HS_CPG151101S11_1u,158.115,-105.58195,0.0,bottom
MX21,MX-NoLED,SW_MX_HS_CPG151101S11_1u,175.43195,-108.585,270.0,bottom
MX24,MX-NoLED,SW_MX_HS_CPG151101S11_1u,208.74305,-107.315,90.0,bottom
MX25,MX-NoLED,SW_MX_HS_CPG151101S11_1u,234.315,-105.58195,0.0,bottom
MX26,MX-NoLED,SW_MX_HS_CPG151101S11_1u,253.365,-105.58195,0.0,bottom
MX27,MX-NoLED,SW_MX_HS_CPG151101S11_1u,272.415,-105.58195,0.0,bottom
MX28,MX-NoLED,SW_MX_HS_CPG151101S11_1u,291.465,-105.58195,0.0,bottom
MX29,MX-NoLED,SW_MX_HS_CPG151101S11_1u,310.515,-105.58195,0.0,bottom
MX3,MX-NoLED,SW_MX_HS_CPG151101S11_1u,110.49,-86.53195,0.0,bottom
MX30,MX-NoLED,SW_MX_HS_CPG151101S11_1u,334.3275,-105.58195,0.0,bottom
MX31,MX-NoLED,SW_MX_HS_CPG151101S11_1u,74.77125,-124.63195,0.0,bottom
MX32,MX-NoLED,SW_MX_HS_CPG151101S11_1u,96.2025,-124.63195,0.0,bottom
MX33,MX-NoLED,SW_MX_HS_CPG151101S11_1u,115.2525,-124.63195,0.0,bottom
MX34,MX-NoLED,SW_MX_HS_CPG151101S11_1u,134.3025,-124.63195,0.0,bottom
MX35,MX-NoLED,SW_MX_HS_CPG151101S11_1u,153.3525,-124.63195,0.0,bottom
MX36,MX-NoLED,SW_MX_HS_CPG151101S11_1u,172.4025,-124.63195,0.0,bottom
MX37,MX-NoLED,SW_MX_HS_CPG151101S11_1u,189.71945,-127.635,270.0,bottom
MX39,MX-NoLED,SW_MX_HS_CPG151101S11_1u,223.03055,-126.365,90.0,bottom
MX4,MX-NoLED,SW_MX_HS_CPG151101S11_1u,129.54,-86.53195,0.0,bottom
MX40,MX-NoLED,SW_MX_HS_CPG151101S11_1u,239.0775,-124.63195,0.0,bottom
MX41,MX-NoLED,SW_MX_HS_CPG151101S11_1u,258.1275,-124.63195,0.0,bottom
MX42,MX-NoLED,SW_MX_HS_CPG151101S11_1u,277.1775,-124.63195,0.0,bottom
MX43,MX-NoLED,SW_MX_HS_CPG151101S11_1u,296.2275,-124.63195,0.0,bottom
MX44,MX-NoLED,SW_MX_HS_CPG151101S11_1u,315.2775,-124.63195,0.0,bottom
MX45,MX-NoLED,SW_MX_HS_CPG151101S11_1u,336.70875,-124.63195,0.0,bottom
MX46,MX-NoLED,SW_MX_HS_CPG151101S11_1u,72.39,-143.68195,0.0,bottom
MX47,MX-NoLED,SW_MX_HS_CPG151101S11_1u,91.44,-143.68195,0.0,bottom
MX48,MX-NoLED,SW_MX_HS_CPG151101S11_1u,110.49,-143.68195,0.0,bottom
MX49,MX-NoLED,SW_MX_HS_CPG151101S11_1u,129.54,-143.68195,0.0,bottom
MX5,MX-NoLED,SW_MX_HS_CPG151101S11_1u,148.59,-86.53195,0.0,bottom
MX50,MX-NoLED,SW_MX_HS_CPG151101S11_1u,148.59,-143.68195,0.0,bottom
MX51,MX-NoLED,SW_MX_HS_CPG151101S11_1u,167.64,-143.68195,0.0,bottom
MX52,MX-NoLED,SW_MX_HS_CPG151101S11_1u,186.69,-143.68195,0.0,bottom
MX53,MX-NoLED,SW_MX_HS_CPG151101S11_1u,205.727,-143.67155,0.0,bottom
MX54,MX-NoLED,SW_MX_HS_CPG151101S11_1u,224.7758,-143.67275,0.0,bottom
MX55,MX-NoLED,SW_MX_HS_CPG151101S11_1u,243.84,-143.68195,0.0,bottom
MX56,MX-NoLED,SW_MX_HS_CPG151101S11_1u,262.89,-143.68195,0.0,bottom
MX57,MX-NoLED,SW_MX_HS_CPG151101S11_1u,281.94,-143.68195,0.0,bottom
MX58,MX-NoLED,SW_MX_HS_CPG151101S11_1u,300.99,-143.68195,0.0,bottom
MX59,MX-NoLED,SW_MX_HS_CPG151101S11_1u,320.04,-143.68195,0.0,bottom
MX6,MX-NoLED,SW_MX_HS_CPG151101S11_1u,167.64,-86.53195,0.0,bottom
MX60,MX-NoLED,SW_MX_HS_CPG151101S11_1u,339.09,-143.68195,0.0,bottom
MX61,MX-NoLED,SW_MX_HS_CPG151101S11_1u,72.39,-162.73195,0.0,bottom
MX62,MX-NoLED,SW_MX_HS_CPG151101S11_1u,91.44,-162.73195,0.0,bottom
MX63,MX-NoLED,SW_MX_HS_CPG151101S11_1u,110.49,-162.73195,0.0,bottom
MX64,MX-NoLED,SW_MX_HS_CPG151101S11_1u,129.54,-162.73195,0.0,bottom
MX65,MX-NoLED,SW_MX_HS_CPG151101S11_1u,148.59,-162.73195,0.0,bottom
MX67,MX-NoLED,SW_MX_HS_CPG151101S11_1u,177.165,-162.73195,0.0,bottom
MX68,MX-NoLED,SW_MX_HS_CPG151101S11_1u,205.727,-162.72155,0.0,bottom
MX69,MX-NoLED,SW_MX_HS_CPG151101S11_1u,234.3002,-162.72155,0.0,bottom
MX7,MX-NoLED,SW_MX_HS_CPG151101S11_1u,186.69,-86.53195,0.0,bottom
MX71,MX-NoLED,SW_MX_HS_CPG151101S11_1u,262.89,-162.73195,0.0,bottom
MX72,MX-NoLED,SW_MX_HS_CPG151101S11_1u,281.94,-162.73195,0.0,bottom
MX73,MX-NoLED,SW_MX_HS_CPG151101S11_1u,300.99,-162.73195,0.0,bottom
MX74,MX-NoLED,SW_MX_HS_CPG151101S11_1u,320.04,-162.73195,0.0,bottom
MX75,MX-NoLED,SW_MX_HS_CPG151101S11_1u,339.09,-162.73195,0.0,bottom
MX8,MX-NoLED,SW_MX_HS_CPG151101S11_1u,205.74,-86.53195,0.0,bottom
MX9,MX-NoLED,SW_MX_HS_CPG151101S11_1u,224.79,-86.53195,0.0,bottom
R1,10k,C_0603_1608Metric_Pad1.08x0.95mm_HandSolder,88.503125,-129.778125,90.0,bottom
R2,10k,C_0603_1608Metric_Pad1.08x0.95mm_HandSolder,80.16875,-118.665625,0.0,bottom
R3,5.1k,C_0603_1608Metric_Pad1.08x0.95mm_HandSolder,74.6125,-85.0,270.0,bottom
R4,5.1k,C_0603_1608Metric_Pad1.08x0.95mm_HandSolder,89.69375,-84.93125,270.0,bottom
R5,22,C_0603_1608Metric_Pad1.08x0.95mm_HandSolder,82.39012,-99.39012,225.0,bottom
R6,22,C_0603_1608Metric_Pad1.08x0.95mm_HandSolder,83.89012,-98.5,225.0,bottom
R7,4.7K,C_0603_1608Metric_Pad1.08x0.95mm_HandSolder,190.5,-94.45625,90.0,bottom
R8,4.7K,C_0603_1608Metric_Pad1.08x0.95mm_HandSolder,188.515625,-94.45625,90.0,bottom
R9,100K,C_0603_1608Metric_Pad1.08x0.95mm_HandSolder,186.53125,-94.45625,270.0,bottom
SW1,SW_Reset,SW_SPST_SKQG_WithStem,93.6566,-132.5479,180.0,bottom
U1,ATmega32U4-M,QFN-44-1EP_7x7mm_P0.5mm_EP5.15x5.15mm,86.662,-114.4415,270.0,bottom
U2,SRV05-4,SOT-23-6,82.0,-95.0,0.0,bottom
U6,AMS1117-3.3,SOT-223-3_TabPin2,90.5,-100.0,0.0,bottom
Y1,8MHz,Crystal_SMD_3225-4Pin_3.2x2.5mm,98.02195,-114.5,45.0,bottom
